id;name;description;category;created_date
1;technologies Computer;hack Tasty internet;index;2022-07-02T12:45:18
2;Ergonomic;deposit maximize;bricks-and-clicks Franc Directives;2022-07-02T13:22:48
3;Cotton Platinum;invoice;Account Kids Unbranded;2022-07-02T20:15:23
4;pixel e-services;emulation;Account platforms;2022-07-02T16:46:35
5;integrate back-end;quantify;CSS Cheese;2022-07-02T23:44:42
6;Cross-platform;hack copying;Programmable HDD;2022-07-02T19:39:57
7;withdrawal;web-enabled Won;users Inlet;2022-07-02T14:12:57
8;Investor;Utah HTTP;transmitting;2022-07-03T05:09:40
9;encryption Front-line;hacking;Fish Inverse matrix;2022-07-02T18:14:23
10;District firewall back-end;Cove Chips Right-sized;Lodge;2022-07-02T13:29:32
